condition,ss_mean_age,ss_recurrence,ss_propagation,ss_complexity,ss_entropy_prod,ss_throughput,ss_active_area,ss_eff_modes
baseline,99.19308182200226,0.9888276981036566,0.02368990178572243,0.007321404182540437,3.1683739799119706,2.2235193177107044,287.27444444444444,15.30929850331564
cap_50,24.14477767571549,0.983325180885021,0.11443437012712074,0.006269683707049188,3.0229934057128327,2.1663682986648536,295.63388888888886,15.398561800877834
cap_150,57.39020839654964,0.9860839217347575,0.04776424892011772,0.0062623508655982795,3.1404363440556518,2.210594445232539,296.11027777777775,15.398568573823624
override_5%,49.39559835026715,0.9840485771602672,0.10135613482003536,0.005234052544436094,3.0684834416221274,2.180941558835833,304.2836111111111,15.487460644633886
override_15%,24.09179035779895,0.9819865941403069,0.09612251899164237,0.013421938128155432,2.84438857056401,2.1121565374073197,253.935,14.83099175664758
blind,49.82986800177786,0.9842106347321737,0.1024652106658901,0.0053819122169216525,3.0711485000517302,2.1826297672075627,303.41277777777776,15.474634774958716
half_blind,66.54309284554577,0.9853704314175544,0.06692960201231622,0.005462626265022805,3.117638779515139,2.199481063934058,302.6936111111111,15.467590454222961
anti_coupled,3.766655090354796,0.9610888459614706,0.0,0.15788221904029698,0.5046856316232742,1.8944404233099308,14.466111111111111,1.8191390576840156
